"pclass","age","sex","survived"
"1","1st","adult","male",1
"2","1st","adult","male",1
"3","1st","adult","male",1
"4","1st","adult","male",1
"5","1st","adult","male",1
"6","1st","adult","male",1
"7","1st","adult","male",1
"8","1st","adult","male",1
"9","1st","adult","male",1
"10","1st","adult","male",1
"11","1st","adult","male",1
"12","1st","adult","male",1
"13","1st","adult","male",1
"14","1st","adult","male",1
"15","1st","adult","male",1
"16","1st","adult","male",1
"17","1st","adult","male",1
"18","1st","adult","male",1
"19","1st","adult","male",1
"20","1st","adult","male",1
"21","1st","adult","male",1
"22","1st","adult","male",1
"23","1st","adult","male",1
"24","1st","adult","male",1
"25","1st","adult","male",1
"26","1st","adult","male",1
"27","1st","adult","male",1
"28","1st","adult","male",1
"29","1st","adult","male",1
"30","1st","adult","male",1
"31","1st","adult","male",1
"32","1st","adult","male",1
"33","1st","adult","male",1
"34","1st","adult","male",1
"35","1st","adult","male",1
"36","1st","adult","male",1
"37","1st","adult","male",1
"38","1st","adult","male",1
"39","1st","adult","male",1
"40","1st","adult","male",1
"41","1st","adult","male",1
"42","1st","adult","male",1
"43","1st","adult","male",1
"44","1st","adult","male",1
"45","1st","adult","male",1
"46","1st","adult","male",1
"47","1st","adult","male",1
"48","1st","adult","male",1
"49","1st","adult","male",1
"50","1st","adult","male",1
"51","1st","adult","male",1
"52","1st","adult","male",1
"53","1st","adult","male",1
"54","1st","adult","male",1
"55","1st","adult","male",1
"56","1st","adult","male",1
"57","1st","adult","male",1
"58","1st","adult","male",0
"59","1st","adult","male",0
"60","1st","adult","male",0
"61","1st","adult","male",0
"62","1st","adult","male",0
"63","1st","adult","male",0
"64","1st","adult","male",0
"65","1st","adult","male",0
"66","1st","adult","male",0
"67","1st","adult","male",0
"68","1st","adult","male",0
"69","1st","adult","male",0
"70","1st","adult","male",0
"71","1st","adult","male",0
"72","1st","adult","male",0
"73","1st","adult","male",0
"74","1st","adult","male",0
"75","1st","adult","male",0
"76","1st","adult","male",0
"77","1st","adult","male",0
"78","1st","adult","male",0
"79","1st","adult","male",0
"80","1st","adult","male",0
"81","1st","adult","male",0
"82","1st","adult","male",0
"83","1st","adult","male",0
"84","1st","adult","male",0
"85","1st","adult","male",0
"86","1st","adult","male",0
"87","1st","adult","male",0
"88","1st","adult","male",0
"89","1st","adult","male",0
"90","1st","adult","male",0
"91","1st","adult","male",0
"92","1st","adult","male",0
"93","1st","adult","male",0
"94","1st","adult","male",0
"95","1st","adult","male",0
"96","1st","adult","male",0
"97","1st","adult","male",0
"98","1st","adult","male",0
"99","1st","adult","male",0
"100","1st","adult","male",0
"101","1st","adult","male",0
"102","1st","adult","male",0
"103","1st","adult","male",0
"104","1st","adult","male",0
"105","1st","adult","male",0
"106","1st","adult","male",0
"107","1st","adult","male",0
"108","1st","adult","male",0
"109","1st","adult","male",0
"110","1st","adult","male",0
"111","1st","adult","male",0
"112","1st","adult","male",0
"113","1st","adult","male",0
"114","1st","adult","male",0
"115","1st","adult","male",0
"116","1st","adult","male",0
"117","1st","adult","male",0
"118","1st","adult","male",0
"119","1st","adult","male",0
"120","1st","adult","male",0
"121","1st","adult","male",0
"122","1st","adult","male",0
"123","1st","adult","male",0
"124","1st","adult","male",0
"125","1st","adult","male",0
"126","1st","adult","male",0
"127","1st","adult","male",0
"128","1st","adult","male",0
"129","1st","adult","male",0
"130","1st","adult","male",0
"131","1st","adult","male",0
"132","1st","adult","male",0
"133","1st","adult","male",0
"134","1st","adult","male",0
"135","1st","adult","male",0
"136","1st","adult","male",0
"137","1st","adult","male",0
"138","1st","adult","male",0
"139","1st","adult","male",0
"140","1st","adult","male",0
"141","1st","adult","male",0
"142","1st","adult","male",0
"143","1st","adult","male",0
"144","1st","adult","male",0
"145","1st","adult","male",0
"146","1st","adult","male",0
"147","1st","adult","male",0
"148","1st","adult","male",0
"149","1st","adult","male",0
"150","1st","adult","male",0
"151","1st","adult","male",0
"152","1st","adult","male",0
"153","1st","adult","male",0
"154","1st","adult","male",0
"155","1st","adult","male",0
"156","1st","adult","male",0
"157","1st","adult","male",0
"158","1st","adult","male",0
"159","1st","adult","male",0
"160","1st","adult","male",0
"161","1st","adult","male",0
"162","1st","adult","male",0
"163","1st","adult","male",0
"164","1st","adult","male",0
"165","1st","adult","male",0
"166","1st","adult","male",0
"167","1st","adult","male",0
"168","1st","adult","male",0
"169","1st","adult","male",0
"170","1st","adult","male",0
"171","1st","adult","male",0
"172","1st","adult","male",0
"173","1st","adult","male",0
"174","1st","adult","male",0
"175","1st","adult","male",0
"176","1st","adult","female",1
"177","1st","adult","female",1
"178","1st","adult","female",1
"179","1st","adult","female",1
"180","1st","adult","female",1
"181","1st","adult","female",1
"182","1st","adult","female",1
"183","1st","adult","female",1
"184","1st","adult","female",1
"185","1st","adult","female",1
"186","1st","adult","female",1
"187","1st","adult","female",1
"188","1st","adult","female",1
"189","1st","adult","female",1
"190","1st","adult","female",1
"191","1st","adult","female",1
"192","1st","adult","female",1
"193","1st","adult","female",1
"194","1st","adult","female",1
"195","1st","adult","female",1
"196","1st","adult","female",1
"197","1st","adult","female",1
"198","1st","adult","female",1
"199","1st","adult","female",1
"200","1st","adult","female",1
"201","1st","adult","female",1
"202","1st","adult","female",1
"203","1st","adult","female",1
"204","1st","adult","female",1
"205","1st","adult","female",1
"206","1st","adult","female",1
"207","1st","adult","female",1
"208","1st","adult","female",1
"209","1st","adult","female",1
"210","1st","adult","female",1
"211","1st","adult","female",1
"212","1st","adult","female",1
"213","1st","adult","female",1
"214","1st","adult","female",1
"215","1st","adult","female",1
"216","1st","adult","female",1
"217","1st","adult","female",1
"218","1st","adult","female",1
"219","1st","adult","female",1
"220","1st","adult","female",1
"221","1st","adult","female",1
"222","1st","adult","female",1
"223","1st","adult","female",1
"224","1st","adult","female",1
"225","1st","adult","female",1
"226","1st","adult","female",1
"227","1st","adult","female",1
"228","1st","adult","female",1
"229","1st","adult","female",1
"230","1st","adult","female",1
"231","1st","adult","female",1
"232","1st","adult","female",1
"233","1st","adult","female",1
"234","1st","adult","female",1
"235","1st","adult","female",1
"236","1st","adult","female",1
"237","1st","adult","female",1
"238","1st","adult","female",1
"239","1st","adult","female",1
"240","1st","adult","female",1
"241","1st","adult","female",1
"242","1st","adult","female",1
"243","1st","adult","female",1
"244","1st","adult","female",1
"245","1st","adult","female",1
"246","1st","adult","female",1
"247","1st","adult","female",1
"248","1st","adult","female",1
"249","1st","adult","female",1
"250","1st","adult","female",1
"251","1st","adult","female",1
"252","1st","adult","female",1
"253","1st","adult","female",1
"254","1st","adult","female",1
"255","1st","adult","female",1
"256","1st","adult","female",1
"257","1st","adult","female",1
"258","1st","adult","female",1
"259","1st","adult","female",1
"260","1st","adult","female",1
"261","1st","adult","female",1
"262","1st","adult","female",1
"263","1st","adult","female",1
"264","1st","adult","female",1
"265","1st","adult","female",1
"266","1st","adult","female",1
"267","1st","adult","female",1
"268","1st","adult","female",1
"269","1st","adult","female",1
"270","1st","adult","female",1
"271","1st","adult","female",1
"272","1st","adult","female",1
"273","1st","adult","female",1
"274","1st","adult","female",1
"275","1st","adult","female",1
"276","1st","adult","female",1
"277","1st","adult","female",1
"278","1st","adult","female",1
"279","1st","adult","female",1
"280","1st","adult","female",1
"281","1st","adult","female",1
"282","1st","adult","female",1
"283","1st","adult","female",1
"284","1st","adult","female",1
"285","1st","adult","female",1
"286","1st","adult","female",1
"287","1st","adult","female",1
"288","1st","adult","female",1
"289","1st","adult","female",1
"290","1st","adult","female",1
"291","1st","adult","female",1
"292","1st","adult","female",1
"293","1st","adult","female",1
"294","1st","adult","female",1
"295","1st","adult","female",1
"296","1st","adult","female",1
"297","1st","adult","female",1
"298","1st","adult","female",1
"299","1st","adult","female",1
"300","1st","adult","female",1
"301","1st","adult","female",1
"302","1st","adult","female",1
"303","1st","adult","female",1
"304","1st","adult","female",1
"305","1st","adult","female",1
"306","1st","adult","female",1
"307","1st","adult","female",1
"308","1st","adult","female",1
"309","1st","adult","female",1
"310","1st","adult","female",1
"311","1st","adult","female",1
"312","1st","adult","female",1
"313","1st","adult","female",1
"314","1st","adult","female",1
"315","1st","adult","female",1
"316","1st","adult","female",0
"317","1st","adult","female",0
"318","1st","adult","female",0
"319","1st","adult","female",0
"320","1st","child","male",1
"321","1st","child","male",1
"322","1st","child","male",1
"323","1st","child","male",1
"324","1st","child","male",1
"325","1st","child","female",1
"326","2nd","adult","male",1
"327","2nd","adult","male",1
"328","2nd","adult","male",1
"329","2nd","adult","male",1
"330","2nd","adult","male",1
"331","2nd","adult","male",1
"332","2nd","adult","male",1
"333","2nd","adult","male",1
"334","2nd","adult","male",1
"335","2nd","adult","male",1
"336","2nd","adult","male",1
"337","2nd","adult","male",1
"338","2nd","adult","male",1
"339","2nd","adult","male",1
"340","2nd","adult","male",0
"341","2nd","adult","male",0
"342","2nd","adult","male",0
"343","2nd","adult","male",0
"344","2nd","adult","male",0
"345","2nd","adult","male",0
"346","2nd","adult","male",0
"347","2nd","adult","male",0
"348","2nd","adult","male",0
"349","2nd","adult","male",0
"350","2nd","adult","male",0
"351","2nd","adult","male",0
"352","2nd","adult","male",0
"353","2nd","adult","male",0
"354","2nd","adult","male",0
"355","2nd","adult","male",0
"356","2nd","adult","male",0
"357","2nd","adult","male",0
"358","2nd","adult","male",0
"359","2nd","adult","male",0
"360","2nd","adult","male",0
"361","2nd","adult","male",0
"362","2nd","adult","male",0
"363","2nd","adult","male",0
"364","2nd","adult","male",0
"365","2nd","adult","male",0
"366","2nd","adult","male",0
"367","2nd","adult","male",0
"368","2nd","adult","male",0
"369","2nd","adult","male",0
"370","2nd","adult","male",0
"371","2nd","adult","male",0
"372","2nd","adult","male",0
"373","2nd","adult","male",0
"374","2nd","adult","male",0
"375","2nd","adult","male",0
"376","2nd","adult","male",0
"377","2nd","adult","male",0
"378","2nd","adult","male",0
"379","2nd","adult","male",0
"380","2nd","adult","male",0
"381","2nd","adult","male",0
"382","2nd","adult","male",0
"383","2nd","adult","male",0
"384","2nd","adult","male",0
"385","2nd","adult","male",0
"386","2nd","adult","male",0
"387","2nd","adult","male",0
"388","2nd","adult","male",0
"389","2nd","adult","male",0
"390","2nd","adult","male",0
"391","2nd","adult","male",0
"392","2nd","adult","male",0
"393","2nd","adult","male",0
"394","2nd","adult","male",0
"395","2nd","adult","male",0
"396","2nd","adult","male",0
"397","2nd","adult","male",0
"398","2nd","adult","male",0
"399","2nd","adult","male",0
"400","2nd","adult","male",0
"401","2nd","adult","male",0
"402","2nd","adult","male",0
"403","2nd","adult","male",0
"404","2nd","adult","male",0
"405","2nd","adult","male",0
"406","2nd","adult","male",0
"407","2nd","adult","male",0
"408","2nd","adult","male",0
"409","2nd","adult","male",0
"410","2nd","adult","male",0
"411","2nd","adult","male",0
"412","2nd","adult","male",0
"413","2nd","adult","male",0
"414","2nd","adult","male",0
"415","2nd","adult","male",0
"416","2nd","adult","male",0
"417","2nd","adult","male",0
"418","2nd","adult","male",0
"419","2nd","adult","male",0
"420","2nd","adult","male",0
"421","2nd","adult","male",0
"422","2nd","adult","male",0
"423","2nd","adult","male",0
"424","2nd","adult","male",0
"425","2nd","adult","male",0
"426","2nd","adult","male",0
"427","2nd","adult","male",0
"428","2nd","adult","male",0
"429","2nd","adult","male",0
"430","2nd","adult","male",0
"431","2nd","adult","male",0
"432","2nd","adult","male",0
"433","2nd","adult","male",0
"434","2nd","adult","male",0
"435","2nd","adult","male",0
"436","2nd","adult","male",0
"437","2nd","adult","male",0
"438","2nd","adult","male",0
"439","2nd","adult","male",0
"440","2nd","adult","male",0
"441","2nd","adult","male",0
"442","2nd","adult","male",0
"443","2nd","adult","male",0
"444","2nd","adult","male",0
"445","2nd","adult","male",0
"446","2nd","adult","male",0
"447","2nd","adult","male",0
"448","2nd","adult","male",0
"449","2nd","adult","male",0
"450","2nd","adult","male",0
"451","2nd","adult","male",0
"452","2nd","adult","male",0
"453","2nd","adult","male",0
"454","2nd","adult","male",0
"455","2nd","adult","male",0
"456","2nd","adult","male",0
"457","2nd","adult","male",0
"458","2nd","adult","male",0
"459","2nd","adult","male",0
"460","2nd","adult","male",0
"461","2nd","adult","male",0
"462","2nd","adult","male",0
"463","2nd","adult","male",0
"464","2nd","adult","male",0
"465","2nd","adult","male",0
"466","2nd","adult","male",0
"467","2nd","adult","male",0
"468","2nd","adult","male",0
"469","2nd","adult","male",0
"470","2nd","adult","male",0
"471","2nd","adult","male",0
"472","2nd","adult","male",0
"473","2nd","adult","male",0
"474","2nd","adult","male",0
"475","2nd","adult","male",0
"476","2nd","adult","male",0
"477","2nd","adult","male",0
"478","2nd","adult","male",0
"479","2nd","adult","male",0
"480","2nd","adult","male",0
"481","2nd","adult","male",0
"482","2nd","adult","male",0
"483","2nd","adult","male",0
"484","2nd","adult","male",0
"485","2nd","adult","male",0
"486","2nd","adult","male",0
"487","2nd","adult","male",0
"488","2nd","adult","male",0
"489","2nd","adult","male",0
"490","2nd","adult","male",0
"491","2nd","adult","male",0
"492","2nd","adult","male",0
"493","2nd","adult","male",0
"494","2nd","adult","female",1
"495","2nd","adult","female",1
"496","2nd","adult","female",1
"497","2nd","adult","female",1
"498","2nd","adult","female",1
"499","2nd","adult","female",1
"500","2nd","adult","female",1
"501","2nd","adult","female",1
"502","2nd","adult","female",1
"503","2nd","adult","female",1
"504","2nd","adult","female",1
"505","2nd","adult","female",1
"506","2nd","adult","female",1
"507","2nd","adult","female",1
"508","2nd","adult","female",1
"509","2nd","adult","female",1
"510","2nd","adult","female",1
"511","2nd","adult","female",1
"512","2nd","adult","female",1
"513","2nd","adult","female",1
"514","2nd","adult","female",1
"515","2nd","adult","female",1
"516","2nd","adult","female",1
"517","2nd","adult","female",1
"518","2nd","adult","female",1
"519","2nd","adult","female",1
"520","2nd","adult","female",1
"521","2nd","adult","female",1
"522","2nd","adult","female",1
"523","2nd","adult","female",1
"524","2nd","adult","female",1
"525","2nd","adult","female",1
"526","2nd","adult","female",1
"527","2nd","adult","female",1
"528","2nd","adult","female",1
"529","2nd","adult","female",1
"530","2nd","adult","female",1
"531","2nd","adult","female",1
"532","2nd","adult","female",1
"533","2nd","adult","female",1
"534","2nd","adult","female",1
"535","2nd","adult","female",1
"536","2nd","adult","female",1
"537","2nd","adult","female",1
"538","2nd","adult","female",1
"539","2nd","adult","female",1
"540","2nd","adult","female",1
"541","2nd","adult","female",1
"542","2nd","adult","female",1
"543","2nd","adult","female",1
"544","2nd","adult","female",1
"545","2nd","adult","female",1
"546","2nd","adult","female",1
"547","2nd","adult","female",1
"548","2nd","adult","female",1
"549","2nd","adult","female",1
"550","2nd","adult","female",1
"551","2nd","adult","female",1
"552","2nd","adult","female",1
"553","2nd","adult","female",1
"554","2nd","adult","female",1
"555","2nd","adult","female",1
"556","2nd","adult","female",1
"557","2nd","adult","female",1
"558","2nd","adult","female",1
"559","2nd","adult","female",1
"560","2nd","adult","female",1
"561","2nd","adult","female",1
"562","2nd","adult","female",1
"563","2nd","adult","female",1
"564","2nd","adult","female",1
"565","2nd","adult","female",1
"566","2nd","adult","female",1
"567","2nd","adult","female",1
"568","2nd","adult","female",1
"569","2nd","adult","female",1
"570","2nd","adult","female",1
"571","2nd","adult","female",1
"572","2nd","adult","female",1
"573","2nd","adult","female",1
"574","2nd","adult","female",0
"575","2nd","adult","female",0
"576","2nd","adult","female",0
"577","2nd","adult","female",0
"578","2nd","adult","female",0
"579","2nd","adult","female",0
"580","2nd","adult","female",0
"581","2nd","adult","female",0
"582","2nd","adult","female",0
"583","2nd","adult","female",0
"584","2nd","adult","female",0
"585","2nd","adult","female",0
"586","2nd","adult","female",0
"587","2nd","child","male",1
"588","2nd","child","male",1
"589","2nd","child","male",1
"590","2nd","child","male",1
"591","2nd","child","male",1
"592","2nd","child","male",1
"593","2nd","child","male",1
"594","2nd","child","male",1
"595","2nd","child","male",1
"596","2nd","child","male",1
"597","2nd","child","male",1
"598","2nd","child","female",1
"599","2nd","child","female",1
"600","2nd","child","female",1
"601","2nd","child","female",1
"602","2nd","child","female",1
"603","2nd","child","female",1
"604","2nd","child","female",1
"605","2nd","child","female",1
"606","2nd","child","female",1
"607","2nd","child","female",1
"608","2nd","child","female",1
"609","2nd","child","female",1
"610","2nd","child","female",1
"611","3rd","adult","male",1
"612","3rd","adult","male",1
"613","3rd","adult","male",1
"614","3rd","adult","male",1
"615","3rd","adult","male",1
"616","3rd","adult","male",1
"617","3rd","adult","male",1
"618","3rd","adult","male",1
"619","3rd","adult","male",1
"620","3rd","adult","male",1
"621","3rd","adult","male",1
"622","3rd","adult","male",1
"623","3rd","adult","male",1
"624","3rd","adult","male",1
"625","3rd","adult","male",1
"626","3rd","adult","male",1
"627","3rd","adult","male",1
"628","3rd","adult","male",1
"629","3rd","adult","male",1
"630","3rd","adult","male",1
"631","3rd","adult","male",1
"632","3rd","adult","male",1
"633","3rd","adult","male",1
"634","3rd","adult","male",1
"635","3rd","adult","male",1
"636","3rd","adult","male",1
"637","3rd","adult","male",1
"638","3rd","adult","male",1
"639","3rd","adult","male",1
"640","3rd","adult","male",1
"641","3rd","adult","male",1
"642","3rd","adult","male",1
"643","3rd","adult","male",1
"644","3rd","adult","male",1
"645","3rd","adult","male",1
"646","3rd","adult","male",1
"647","3rd","adult","male",1
"648","3rd","adult","male",1
"649","3rd","adult","male",1
"650","3rd","adult","male",1
"651","3rd","adult","male",1
"652","3rd","adult","male",1
"653","3rd","adult","male",1
"654","3rd","adult","male",1
"655","3rd","adult","male",1
"656","3rd","adult","male",1
"657","3rd","adult","male",1
"658","3rd","adult","male",1
"659","3rd","adult","male",1
"660","3rd","adult","male",1
"661","3rd","adult","male",1
"662","3rd","adult","male",1
"663","3rd","adult","male",1
"664","3rd","adult","male",1
"665","3rd","adult","male",1
"666","3rd","adult","male",1
"667","3rd","adult","male",1
"668","3rd","adult","male",1
"669","3rd","adult","male",1
"670","3rd","adult","male",1
"671","3rd","adult","male",1
"672","3rd","adult","male",1
"673","3rd","adult","male",1
"674","3rd","adult","male",1
"675","3rd","adult","male",1
"676","3rd","adult","male",1
"677","3rd","adult","male",1
"678","3rd","adult","male",1
"679","3rd","adult","male",1
"680","3rd","adult","male",1
"681","3rd","adult","male",1
"682","3rd","adult","male",1
"683","3rd","adult","male",1
"684","3rd","adult","male",1
"685","3rd","adult","male",1
"686","3rd","adult","male",0
"687","3rd","adult","male",0
"688","3rd","adult","male",0
"689","3rd","adult","male",0
"690","3rd","adult","male",0
"691","3rd","adult","male",0
"692","3rd","adult","male",0
"693","3rd","adult","male",0
"694","3rd","adult","male",0
"695","3rd","adult","male",0
"696","3rd","adult","male",0
"697","3rd","adult","male",0
"698","3rd","adult","male",0
"699","3rd","adult","male",0
"700","3rd","adult","male",0
"701","3rd","adult","male",0
"702","3rd","adult","male",0
"703","3rd","adult","male",0
"704","3rd","adult","male",0
"705","3rd","adult","male",0
"706","3rd","adult","male",0
"707","3rd","adult","male",0
"708","3rd","adult","male",0
"709","3rd","adult","male",0
"710","3rd","adult","male",0
"711","3rd","adult","male",0
"712","3rd","adult","male",0
"713","3rd","adult","male",0
"714","3rd","adult","male",0
"715","3rd","adult","male",0
"716","3rd","adult","male",0
"717","3rd","adult","male",0
"718","3rd","adult","male",0
"719","3rd","adult","male",0
"720","3rd","adult","male",0
"721","3rd","adult","male",0
"722","3rd","adult","male",0
"723","3rd","adult","male",0
"724","3rd","adult","male",0
"725","3rd","adult","male",0
"726","3rd","adult","male",0
"727","3rd","adult","male",0
"728","3rd","adult","male",0
"729","3rd","adult","male",0
"730","3rd","adult","male",0
"731","3rd","adult","male",0
"732","3rd","adult","male",0
"733","3rd","adult","male",0
"734","3rd","adult","male",0
"735","3rd","adult","male",0
"736","3rd","adult","male",0
"737","3rd","adult","male",0
"738","3rd","adult","male",0
"739","3rd","adult","male",0
"740","3rd","adult","male",0
"741","3rd","adult","male",0
"742","3rd","adult","male",0
"743","3rd","adult","male",0
"744","3rd","adult","male",0
"745","3rd","adult","male",0
"746","3rd","adult","male",0
"747","3rd","adult","male",0
"748","3rd","adult","male",0
"749","3rd","adult","male",0
"750","3rd","adult","male",0
"751","3rd","adult","male",0
"752","3rd","adult","male",0
"753","3rd","adult","male",0
"754","3rd","adult","male",0
"755","3rd","adult","male",0
"756","3rd","adult","male",0
"757","3rd","adult","male",0
"758","3rd","adult","male",0
"759","3rd","adult","male",0
"760","3rd","adult","male",0
"761","3rd","adult","male",0
"762","3rd","adult","male",0
"763","3rd","adult","male",0
"764","3rd","adult","male",0
"765","3rd","adult","male",0
"766","3rd","adult","male",0
"767","3rd","adult","male",0
"768","3rd","adult","male",0
"769","3rd","adult","male",0
"770","3rd","adult","male",0
"771","3rd","adult","male",0
"772","3rd","adult","male",0
"773","3rd","adult","male",0
"774","3rd","adult","male",0
"775","3rd","adult","male",0
"776","3rd","adult","male",0
"777","3rd","adult","male",0
"778","3rd","adult","male",0
"779","3rd","adult","male",0
"780","3rd","adult","male",0
"781","3rd","adult","male",0
"782","3rd","adult","male",0
"783","3rd","adult","male",0
"784","3rd","adult","male",0
"785","3rd","adult","male",0
"786","3rd","adult","male",0
"787","3rd","adult","male",0
"788","3rd","adult","male",0
"789","3rd","adult","male",0
"790","3rd","adult","male",0
"791","3rd","adult","male",0
"792","3rd","adult","male",0
"793","3rd","adult","male",0
"794","3rd","adult","male",0
"795","3rd","adult","male",0
"796","3rd","adult","male",0
"797","3rd","adult","male",0
"798","3rd","adult","male",0
"799","3rd","adult","male",0
"800","3rd","adult","male",0
"801","3rd","adult","male",0
"802","3rd","adult","male",0
"803","3rd","adult","male",0
"804","3rd","adult","male",0
"805","3rd","adult","male",0
"806","3rd","adult","male",0
"807","3rd","adult","male",0
"808","3rd","adult","male",0
"809","3rd","adult","male",0
"810","3rd","adult","male",0
"811","3rd","adult","male",0
"812","3rd","adult","male",0
"813","3rd","adult","male",0
"814","3rd","adult","male",0
"815","3rd","adult","male",0
"816","3rd","adult","male",0
"817","3rd","adult","male",0
"818","3rd","adult","male",0
"819","3rd","adult","male",0
"820","3rd","adult","male",0
"821","3rd","adult","male",0
"822","3rd","adult","male",0
"823","3rd","adult","male",0
"824","3rd","adult","male",0
"825","3rd","adult","male",0
"826","3rd","adult","male",0
"827","3rd","adult","male",0
"828","3rd","adult","male",0
"829","3rd","adult","male",0
"830","3rd","adult","male",0
"831","3rd","adult","male",0
"832","3rd","adult","male",0
"833","3rd","adult","male",0
"834","3rd","adult","male",0
"835","3rd","adult","male",0
"836","3rd","adult","male",0
"837","3rd","adult","male",0
"838","3rd","adult","male",0
"839","3rd","adult","male",0
"840","3rd","adult","male",0
"841","3rd","adult","male",0
"842","3rd","adult","male",0
"843","3rd","adult","male",0
"844","3rd","adult","male",0
"845","3rd","adult","male",0
"846","3rd","adult","male",0
"847","3rd","adult","male",0
"848","3rd","adult","male",0
"849","3rd","adult","male",0
"850","3rd","adult","male",0
"851","3rd","adult","male",0
"852","3rd","adult","male",0
"853","3rd","adult","male",0
"854","3rd","adult","male",0
"855","3rd","adult","male",0
"856","3rd","adult","male",0
"857","3rd","adult","male",0
"858","3rd","adult","male",0
"859","3rd","adult","male",0
"860","3rd","adult","male",0
"861","3rd","adult","male",0
"862","3rd","adult","male",0
"863","3rd","adult","male",0
"864","3rd","adult","male",0
"865","3rd","adult","male",0
"866","3rd","adult","male",0
"867","3rd","adult","male",0
"868","3rd","adult","male",0
"869","3rd","adult","male",0
"870","3rd","adult","male",0
"871","3rd","adult","male",0
"872","3rd","adult","male",0
"873","3rd","adult","male",0
"874","3rd","adult","male",0
"875","3rd","adult","male",0
"876","3rd","adult","male",0
"877","3rd","adult","male",0
"878","3rd","adult","male",0
"879","3rd","adult","male",0
"880","3rd","adult","male",0
"881","3rd","adult","male",0
"882","3rd","adult","male",0
"883","3rd","adult","male",0
"884","3rd","adult","male",0
"885","3rd","adult","male",0
"886","3rd","adult","male",0
"887","3rd","adult","male",0
"888","3rd","adult","male",0
"889","3rd","adult","male",0
"890","3rd","adult","male",0
"891","3rd","adult","male",0
"892","3rd","adult","male",0
"893","3rd","adult","male",0
"894","3rd","adult","male",0
"895","3rd","adult","male",0
"896","3rd","adult","male",0
"897","3rd","adult","male",0
"898","3rd","adult","male",0
"899","3rd","adult","male",0
"900","3rd","adult","male",0
"901","3rd","adult","male",0
"902","3rd","adult","male",0
"903","3rd","adult","male",0
"904","3rd","adult","male",0
"905","3rd","adult","male",0
"906","3rd","adult","male",0
"907","3rd","adult","male",0
"908","3rd","adult","male",0
"909","3rd","adult","male",0
"910","3rd","adult","male",0
"911","3rd","adult","male",0
"912","3rd","adult","male",0
"913","3rd","adult","male",0
"914","3rd","adult","male",0
"915","3rd","adult","male",0
"916","3rd","adult","male",0
"917","3rd","adult","male",0
"918","3rd","adult","male",0
"919","3rd","adult","male",0
"920","3rd","adult","male",0
"921","3rd","adult","male",0
"922","3rd","adult","male",0
"923","3rd","adult","male",0
"924","3rd","adult","male",0
"925","3rd","adult","male",0
"926","3rd","adult","male",0
"927","3rd","adult","male",0
"928","3rd","adult","male",0
"929","3rd","adult","male",0
"930","3rd","adult","male",0
"931","3rd","adult","male",0
"932","3rd","adult","male",0
"933","3rd","adult","male",0
"934","3rd","adult","male",0
"935","3rd","adult","male",0
"936","3rd","adult","male",0
"937","3rd","adult","male",0
"938","3rd","adult","male",0
"939","3rd","adult","male",0
"940","3rd","adult","male",0
"941","3rd","adult","male",0
"942","3rd","adult","male",0
"943","3rd","adult","male",0
"944","3rd","adult","male",0
"945","3rd","adult","male",0
"946","3rd","adult","male",0
"947","3rd","adult","male",0
"948","3rd","adult","male",0
"949","3rd","adult","male",0
"950","3rd","adult","male",0
"951","3rd","adult","male",0
"952","3rd","adult","male",0
"953","3rd","adult","male",0
"954","3rd","adult","male",0
"955","3rd","adult","male",0
"956","3rd","adult","male",0
"957","3rd","adult","male",0
"958","3rd","adult","male",0
"959","3rd","adult","male",0
"960","3rd","adult","male",0
"961","3rd","adult","male",0
"962","3rd","adult","male",0
"963","3rd","adult","male",0
"964","3rd","adult","male",0
"965","3rd","adult","male",0
"966","3rd","adult","male",0
"967","3rd","adult","male",0
"968","3rd","adult","male",0
"969","3rd","adult","male",0
"970","3rd","adult","male",0
"971","3rd","adult","male",0
"972","3rd","adult","male",0
"973","3rd","adult","male",0
"974","3rd","adult","male",0
"975","3rd","adult","male",0
"976","3rd","adult","male",0
"977","3rd","adult","male",0
"978","3rd","adult","male",0
"979","3rd","adult","male",0
"980","3rd","adult","male",0
"981","3rd","adult","male",0
"982","3rd","adult","male",0
"983","3rd","adult","male",0
"984","3rd","adult","male",0
"985","3rd","adult","male",0
"986","3rd","adult","male",0
"987","3rd","adult","male",0
"988","3rd","adult","male",0
"989","3rd","adult","male",0
"990","3rd","adult","male",0
"991","3rd","adult","male",0
"992","3rd","adult","male",0
"993","3rd","adult","male",0
"994","3rd","adult","male",0
"995","3rd","adult","male",0
"996","3rd","adult","male",0
"997","3rd","adult","male",0
"998","3rd","adult","male",0
"999","3rd","adult","male",0
"1000","3rd","adult","male",0
"1001","3rd","adult","male",0
"1002","3rd","adult","male",0
"1003","3rd","adult","male",0
"1004","3rd","adult","male",0
"1005","3rd","adult","male",0
"1006","3rd","adult","male",0
"1007","3rd","adult","male",0
"1008","3rd","adult","male",0
"1009","3rd","adult","male",0
"1010","3rd","adult","male",0
"1011","3rd","adult","male",0
"1012","3rd","adult","male",0
"1013","3rd","adult","male",0
"1014","3rd","adult","male",0
"1015","3rd","adult","male",0
"1016","3rd","adult","male",0
"1017","3rd","adult","male",0
"1018","3rd","adult","male",0
"1019","3rd","adult","male",0
"1020","3rd","adult","male",0
"1021","3rd","adult","male",0
"1022","3rd","adult","male",0
"1023","3rd","adult","male",0
"1024","3rd","adult","male",0
"1025","3rd","adult","male",0
"1026","3rd","adult","male",0
"1027","3rd","adult","male",0
"1028","3rd","adult","male",0
"1029","3rd","adult","male",0
"1030","3rd","adult","male",0
"1031","3rd","adult","male",0
"1032","3rd","adult","male",0
"1033","3rd","adult","male",0
"1034","3rd","adult","male",0
"1035","3rd","adult","male",0
"1036","3rd","adult","male",0
"1037","3rd","adult","male",0
"1038","3rd","adult","male",0
"1039","3rd","adult","male",0
"1040","3rd","adult","male",0
"1041","3rd","adult","male",0
"1042","3rd","adult","male",0
"1043","3rd","adult","male",0
"1044","3rd","adult","male",0
"1045","3rd","adult","male",0
"1046","3rd","adult","male",0
"1047","3rd","adult","male",0
"1048","3rd","adult","male",0
"1049","3rd","adult","male",0
"1050","3rd","adult","male",0
"1051","3rd","adult","male",0
"1052","3rd","adult","male",0
"1053","3rd","adult","male",0
"1054","3rd","adult","male",0
"1055","3rd","adult","male",0
"1056","3rd","adult","male",0
"1057","3rd","adult","male",0
"1058","3rd","adult","male",0
"1059","3rd","adult","male",0
"1060","3rd","adult","male",0
"1061","3rd","adult","male",0
"1062","3rd","adult","male",0
"1063","3rd","adult","male",0
"1064","3rd","adult","male",0
"1065","3rd","adult","male",0
"1066","3rd","adult","male",0
"1067","3rd","adult","male",0
"1068","3rd","adult","male",0
"1069","3rd","adult","male",0
"1070","3rd","adult","male",0
"1071","3rd","adult","male",0
"1072","3rd","adult","male",0
"1073","3rd","adult","female",1
"1074","3rd","adult","female",1
"1075","3rd","adult","female",1
"1076","3rd","adult","female",1
"1077","3rd","adult","female",1
"1078","3rd","adult","female",1
"1079","3rd","adult","female",1
"1080","3rd","adult","female",1
"1081","3rd","adult","female",1
"1082","3rd","adult","female",1
"1083","3rd","adult","female",1
"1084","3rd","adult","female",1
"1085","3rd","adult","female",1
"1086","3rd","adult","female",1
"1087","3rd","adult","female",1
"1088","3rd","adult","female",1
"1089","3rd","adult","female",1
"1090","3rd","adult","female",1
"1091","3rd","adult","female",1
"1092","3rd","adult","female",1
"1093","3rd","adult","female",1
"1094","3rd","adult","female",1
"1095","3rd","adult","female",1
"1096","3rd","adult","female",1
"1097","3rd","adult","female",1
"1098","3rd","adult","female",1
"1099","3rd","adult","female",1
"1100","3rd","adult","female",1
"1101","3rd","adult","female",1
"1102","3rd","adult","female",1
"1103","3rd","adult","female",1
"1104","3rd","adult","female",1
"1105","3rd","adult","female",1
"1106","3rd","adult","female",1
"1107","3rd","adult","female",1
"1108","3rd","adult","female",1
"1109","3rd","adult","female",1
"1110","3rd","adult","female",1
"1111","3rd","adult","female",1
"1112","3rd","adult","female",1
"1113","3rd","adult","female",1
"1114","3rd","adult","female",1
"1115","3rd","adult","female",1
"1116","3rd","adult","female",1
"1117","3rd","adult","female",1
"1118","3rd","adult","female",1
"1119","3rd","adult","female",1
"1120","3rd","adult","female",1
"1121","3rd","adult","female",1
"1122","3rd","adult","female",1
"1123","3rd","adult","female",1
"1124","3rd","adult","female",1
"1125","3rd","adult","female",1
"1126","3rd","adult","female",1
"1127","3rd","adult","female",1
"1128","3rd","adult","female",1
"1129","3rd","adult","female",1
"1130","3rd","adult","female",1
"1131","3rd","adult","female",1
"1132","3rd","adult","female",1
"1133","3rd","adult","female",1
"1134","3rd","adult","female",1
"1135","3rd","adult","female",1
"1136","3rd","adult","female",1
"1137","3rd","adult","female",1
"1138","3rd","adult","female",1
"1139","3rd","adult","female",1
"1140","3rd","adult","female",1
"1141","3rd","adult","female",1
"1142","3rd","adult","female",1
"1143","3rd","adult","female",1
"1144","3rd","adult","female",1
"1145","3rd","adult","female",1
"1146","3rd","adult","female",1
"1147","3rd","adult","female",1
"1148","3rd","adult","female",1
"1149","3rd","adult","female",0
"1150","3rd","adult","female",0
"1151","3rd","adult","female",0
"1152","3rd","adult","female",0
"1153","3rd","adult","female",0
"1154","3rd","adult","female",0
"1155","3rd","adult","female",0
"1156","3rd","adult","female",0
"1157","3rd","adult","female",0
"1158","3rd","adult","female",0
"1159","3rd","adult","female",0
"1160","3rd","adult","female",0
"1161","3rd","adult","female",0
"1162","3rd","adult","female",0
"1163","3rd","adult","female",0
"1164","3rd","adult","female",0
"1165","3rd","adult","female",0
"1166","3rd","adult","female",0
"1167","3rd","adult","female",0
"1168","3rd","adult","female",0
"1169","3rd","adult","female",0
"1170","3rd","adult","female",0
"1171","3rd","adult","female",0
"1172","3rd","adult","female",0
"1173","3rd","adult","female",0
"1174","3rd","adult","female",0
"1175","3rd","adult","female",0
"1176","3rd","adult","female",0
"1177","3rd","adult","female",0
"1178","3rd","adult","female",0
"1179","3rd","adult","female",0
"1180","3rd","adult","female",0
"1181","3rd","adult","female",0
"1182","3rd","adult","female",0
"1183","3rd","adult","female",0
"1184","3rd","adult","female",0
"1185","3rd","adult","female",0
"1186","3rd","adult","female",0
"1187","3rd","adult","female",0
"1188","3rd","adult","female",0
"1189","3rd","adult","female",0
"1190","3rd","adult","female",0
"1191","3rd","adult","female",0
"1192","3rd","adult","female",0
"1193","3rd","adult","female",0
"1194","3rd","adult","female",0
"1195","3rd","adult","female",0
"1196","3rd","adult","female",0
"1197","3rd","adult","female",0
"1198","3rd","adult","female",0
"1199","3rd","adult","female",0
"1200","3rd","adult","female",0
"1201","3rd","adult","female",0
"1202","3rd","adult","female",0
"1203","3rd","adult","female",0
"1204","3rd","adult","female",0
"1205","3rd","adult","female",0
"1206","3rd","adult","female",0
"1207","3rd","adult","female",0
"1208","3rd","adult","female",0
"1209","3rd","adult","female",0
"1210","3rd","adult","female",0
"1211","3rd","adult","female",0
"1212","3rd","adult","female",0
"1213","3rd","adult","female",0
"1214","3rd","adult","female",0
"1215","3rd","adult","female",0
"1216","3rd","adult","female",0
"1217","3rd","adult","female",0
"1218","3rd","adult","female",0
"1219","3rd","adult","female",0
"1220","3rd","adult","female",0
"1221","3rd","adult","female",0
"1222","3rd","adult","female",0
"1223","3rd","adult","female",0
"1224","3rd","adult","female",0
"1225","3rd","adult","female",0
"1226","3rd","adult","female",0
"1227","3rd","adult","female",0
"1228","3rd","adult","female",0
"1229","3rd","adult","female",0
"1230","3rd","adult","female",0
"1231","3rd","adult","female",0
"1232","3rd","adult","female",0
"1233","3rd","adult","female",0
"1234","3rd","adult","female",0
"1235","3rd","adult","female",0
"1236","3rd","adult","female",0
"1237","3rd","adult","female",0
"1238","3rd","child","male",1
"1239","3rd","child","male",1
"1240","3rd","child","male",1
"1241","3rd","child","male",1
"1242","3rd","child","male",1
"1243","3rd","child","male",1
"1244","3rd","child","male",1
"1245","3rd","child","male",1
"1246","3rd","child","male",1
"1247","3rd","child","male",1
"1248","3rd","child","male",1
"1249","3rd","child","male",1
"1250","3rd","child","male",1
"1251","3rd","child","male",0
"1252","3rd","child","male",0
"1253","3rd","child","male",0
"1254","3rd","child","male",0
"1255","3rd","child","male",0
"1256","3rd","child","male",0
"1257","3rd","child","male",0
"1258","3rd","child","male",0
"1259","3rd","child","male",0
"1260","3rd","child","male",0
"1261","3rd","child","male",0
"1262","3rd","child","male",0
"1263","3rd","child","male",0
"1264","3rd","child","male",0
"1265","3rd","child","male",0
"1266","3rd","child","male",0
"1267","3rd","child","male",0
"1268","3rd","child","male",0
"1269","3rd","child","male",0
"1270","3rd","child","male",0
"1271","3rd","child","male",0
"1272","3rd","child","male",0
"1273","3rd","child","male",0
"1274","3rd","child","male",0
"1275","3rd","child","male",0
"1276","3rd","child","male",0
"1277","3rd","child","male",0
"1278","3rd","child","male",0
"1279","3rd","child","male",0
"1280","3rd","child","male",0
"1281","3rd","child","male",0
"1282","3rd","child","male",0
"1283","3rd","child","male",0
"1284","3rd","child","male",0
"1285","3rd","child","male",0
"1286","3rd","child","female",1
"1287","3rd","child","female",1
"1288","3rd","child","female",1
"1289","3rd","child","female",1
"1290","3rd","child","female",1
"1291","3rd","child","female",1
"1292","3rd","child","female",1
"1293","3rd","child","female",1
"1294","3rd","child","female",1
"1295","3rd","child","female",1
"1296","3rd","child","female",1
"1297","3rd","child","female",1
"1298","3rd","child","female",1
"1299","3rd","child","female",1
"1300","3rd","child","female",0
"1301","3rd","child","female",0
"1302","3rd","child","female",0
"1303","3rd","child","female",0
"1304","3rd","child","female",0
"1305","3rd","child","female",0
"1306","3rd","child","female",0
"1307","3rd","child","female",0
"1308","3rd","child","female",0
"1309","3rd","child","female",0
"1310","3rd","child","female",0
"1311","3rd","child","female",0
"1312","3rd","child","female",0
"1313","3rd","child","female",0
"1314","3rd","child","female",0
"1315","3rd","child","female",0
"1316","3rd","child","female",0
"1317","crew","adult","male",1
"1318","crew","adult","male",1
"1319","crew","adult","male",1
"1320","crew","adult","male",1
"1321","crew","adult","male",1
"1322","crew","adult","male",1
"1323","crew","adult","male",1
"1324","crew","adult","male",1
"1325","crew","adult","male",1
"1326","crew","adult","male",1
"1327","crew","adult","male",1
"1328","crew","adult","male",1
"1329","crew","adult","male",1
"1330","crew","adult","male",1
"1331","crew","adult","male",1
"1332","crew","adult","male",1
"1333","crew","adult","male",1
"1334","crew","adult","male",1
"1335","crew","adult","male",1
"1336","crew","adult","male",1
"1337","crew","adult","male",1
"1338","crew","adult","male",1
"1339","crew","adult","male",1
"1340","crew","adult","male",1
"1341","crew","adult","male",1
"1342","crew","adult","male",1
"1343","crew","adult","male",1
"1344","crew","adult","male",1
"1345","crew","adult","male",1
"1346","crew","adult","male",1
"1347","crew","adult","male",1
"1348","crew","adult","male",1
"1349","crew","adult","male",1
"1350","crew","adult","male",1
"1351","crew","adult","male",1
"1352","crew","adult","male",1
"1353","crew","adult","male",1
"1354","crew","adult","male",1
"1355","crew","adult","male",1
"1356","crew","adult","male",1
"1357","crew","adult","male",1
"1358","crew","adult","male",1
"1359","crew","adult","male",1
"1360","crew","adult","male",1
"1361","crew","adult","male",1
"1362","crew","adult","male",1
"1363","crew","adult","male",1
"1364","crew","adult","male",1
"1365","crew","adult","male",1
"1366","crew","adult","male",1
"1367","crew","adult","male",1
"1368","crew","adult","male",1
"1369","crew","adult","male",1
"1370","crew","adult","male",1
"1371","crew","adult","male",1
"1372","crew","adult","male",1
"1373","crew","adult","male",1
"1374","crew","adult","male",1
"1375","crew","adult","male",1
"1376","crew","adult","male",1
"1377","crew","adult","male",1
"1378","crew","adult","male",1
"1379","crew","adult","male",1
"1380","crew","adult","male",1
"1381","crew","adult","male",1
"1382","crew","adult","male",1
"1383","crew","adult","male",1
"1384","crew","adult","male",1
"1385","crew","adult","male",1
"1386","crew","adult","male",1
"1387","crew","adult","male",1
"1388","crew","adult","male",1
"1389","crew","adult","male",1
"1390","crew","adult","male",1
"1391","crew","adult","male",1
"1392","crew","adult","male",1
"1393","crew","adult","male",1
"1394","crew","adult","male",1
"1395","crew","adult","male",1
"1396","crew","adult","male",1
"1397","crew","adult","male",1
"1398","crew","adult","male",1
"1399","crew","adult","male",1
"1400","crew","adult","male",1
"1401","crew","adult","male",1
"1402","crew","adult","male",1
"1403","crew","adult","male",1
"1404","crew","adult","male",1
"1405","crew","adult","male",1
"1406","crew","adult","male",1
"1407","crew","adult","male",1
"1408","crew","adult","male",1
"1409","crew","adult","male",1
"1410","crew","adult","male",1
"1411","crew","adult","male",1
"1412","crew","adult","male",1
"1413","crew","adult","male",1
"1414","crew","adult","male",1
"1415","crew","adult","male",1
"1416","crew","adult","male",1
"1417","crew","adult","male",1
"1418","crew","adult","male",1
"1419","crew","adult","male",1
"1420","crew","adult","male",1
"1421","crew","adult","male",1
"1422","crew","adult","male",1
"1423","crew","adult","male",1
"1424","crew","adult","male",1
"1425","crew","adult","male",1
"1426","crew","adult","male",1
"1427","crew","adult","male",1
"1428","crew","adult","male",1
"1429","crew","adult","male",1
"1430","crew","adult","male",1
"1431","crew","adult","male",1
"1432","crew","adult","male",1
"1433","crew","adult","male",1
"1434","crew","adult","male",1
"1435","crew","adult","male",1
"1436","crew","adult","male",1
"1437","crew","adult","male",1
"1438","crew","adult","male",1
"1439","crew","adult","male",1
"1440","crew","adult","male",1
"1441","crew","adult","male",1
"1442","crew","adult","male",1
"1443","crew","adult","male",1
"1444","crew","adult","male",1
"1445","crew","adult","male",1
"1446","crew","adult","male",1
"1447","crew","adult","male",1
"1448","crew","adult","male",1
"1449","crew","adult","male",1
"1450","crew","adult","male",1
"1451","crew","adult","male",1
"1452","crew","adult","male",1
"1453","crew","adult","male",1
"1454","crew","adult","male",1
"1455","crew","adult","male",1
"1456","crew","adult","male",1
"1457","crew","adult","male",1
"1458","crew","adult","male",1
"1459","crew","adult","male",1
"1460","crew","adult","male",1
"1461","crew","adult","male",1
"1462","crew","adult","male",1
"1463","crew","adult","male",1
"1464","crew","adult","male",1
"1465","crew","adult","male",1
"1466","crew","adult","male",1
"1467","crew","adult","male",1
"1468","crew","adult","male",1
"1469","crew","adult","male",1
"1470","crew","adult","male",1
"1471","crew","adult","male",1
"1472","crew","adult","male",1
"1473","crew","adult","male",1
"1474","crew","adult","male",1
"1475","crew","adult","male",1
"1476","crew","adult","male",1
"1477","crew","adult","male",1
"1478","crew","adult","male",1
"1479","crew","adult","male",1
"1480","crew","adult","male",1
"1481","crew","adult","male",1
"1482","crew","adult","male",1
"1483","crew","adult","male",1
"1484","crew","adult","male",1
"1485","crew","adult","male",1
"1486","crew","adult","male",1
"1487","crew","adult","male",1
"1488","crew","adult","male",1
"1489","crew","adult","male",1
"1490","crew","adult","male",1
"1491","crew","adult","male",1
"1492","crew","adult","male",1
"1493","crew","adult","male",1
"1494","crew","adult","male",1
"1495","crew","adult","male",1
"1496","crew","adult","male",1
"1497","crew","adult","male",1
"1498","crew","adult","male",1
"1499","crew","adult","male",1
"1500","crew","adult","male",1
"1501","crew","adult","male",1
"1502","crew","adult","male",1
"1503","crew","adult","male",1
"1504","crew","adult","male",1
"1505","crew","adult","male",1
"1506","crew","adult","male",1
"1507","crew","adult","male",1
"1508","crew","adult","male",1
"1509","crew","adult","male",0
"1510","crew","adult","male",0
"1511","crew","adult","male",0
"1512","crew","adult","male",0
"1513","crew","adult","male",0
"1514","crew","adult","male",0
"1515","crew","adult","male",0
"1516","crew","adult","male",0
"1517","crew","adult","male",0
"1518","crew","adult","male",0
"1519","crew","adult","male",0
"1520","crew","adult","male",0
"1521","crew","adult","male",0
"1522","crew","adult","male",0
"1523","crew","adult","male",0
"1524","crew","adult","male",0
"1525","crew","adult","male",0
"1526","crew","adult","male",0
"1527","crew","adult","male",0
"1528","crew","adult","male",0
"1529","crew","adult","male",0
"1530","crew","adult","male",0
"1531","crew","adult","male",0
"1532","crew","adult","male",0
"1533","crew","adult","male",0
"1534","crew","adult","male",0
"1535","crew","adult","male",0
"1536","crew","adult","male",0
"1537","crew","adult","male",0
"1538","crew","adult","male",0
"1539","crew","adult","male",0
"1540","crew","adult","male",0
"1541","crew","adult","male",0
"1542","crew","adult","male",0
"1543","crew","adult","male",0
"1544","crew","adult","male",0
"1545","crew","adult","male",0
"1546","crew","adult","male",0
"1547","crew","adult","male",0
"1548","crew","adult","male",0
"1549","crew","adult","male",0
"1550","crew","adult","male",0
"1551","crew","adult","male",0
"1552","crew","adult","male",0
"1553","crew","adult","male",0
"1554","crew","adult","male",0
"1555","crew","adult","male",0
"1556","crew","adult","male",0
"1557","crew","adult","male",0
"1558","crew","adult","male",0
"1559","crew","adult","male",0
"1560","crew","adult","male",0
"1561","crew","adult","male",0
"1562","crew","adult","male",0
"1563","crew","adult","male",0
"1564","crew","adult","male",0
"1565","crew","adult","male",0
"1566","crew","adult","male",0
"1567","crew","adult","male",0
"1568","crew","adult","male",0
"1569","crew","adult","male",0
"1570","crew","adult","male",0
"1571","crew","adult","male",0
"1572","crew","adult","male",0
"1573","crew","adult","male",0
"1574","crew","adult","male",0
"1575","crew","adult","male",0
"1576","crew","adult","male",0
"1577","crew","adult","male",0
"1578","crew","adult","male",0
"1579","crew","adult","male",0
"1580","crew","adult","male",0
"1581","crew","adult","male",0
"1582","crew","adult","male",0
"1583","crew","adult","male",0
"1584","crew","adult","male",0
"1585","crew","adult","male",0
"1586","crew","adult","male",0
"1587","crew","adult","male",0
"1588","crew","adult","male",0
"1589","crew","adult","male",0
"1590","crew","adult","male",0
"1591","crew","adult","male",0
"1592","crew","adult","male",0
"1593","crew","adult","male",0
"1594","crew","adult","male",0
"1595","crew","adult","male",0
"1596","crew","adult","male",0
"1597","crew","adult","male",0
"1598","crew","adult","male",0
"1599","crew","adult","male",0
"1600","crew","adult","male",0
"1601","crew","adult","male",0
"1602","crew","adult","male",0
"1603","crew","adult","male",0
"1604","crew","adult","male",0
"1605","crew","adult","male",0
"1606","crew","adult","male",0
"1607","crew","adult","male",0
"1608","crew","adult","male",0
"1609","crew","adult","male",0
"1610","crew","adult","male",0
"1611","crew","adult","male",0
"1612","crew","adult","male",0
"1613","crew","adult","male",0
"1614","crew","adult","male",0
"1615","crew","adult","male",0
"1616","crew","adult","male",0
"1617","crew","adult","male",0
"1618","crew","adult","male",0
"1619","crew","adult","male",0
"1620","crew","adult","male",0
"1621","crew","adult","male",0
"1622","crew","adult","male",0
"1623","crew","adult","male",0
"1624","crew","adult","male",0
"1625","crew","adult","male",0
"1626","crew","adult","male",0
"1627","crew","adult","male",0
"1628","crew","adult","male",0
"1629","crew","adult","male",0
"1630","crew","adult","male",0
"1631","crew","adult","male",0
"1632","crew","adult","male",0
"1633","crew","adult","male",0
"1634","crew","adult","male",0
"1635","crew","adult","male",0
"1636","crew","adult","male",0
"1637","crew","adult","male",0
"1638","crew","adult","male",0
"1639","crew","adult","male",0
"1640","crew","adult","male",0
"1641","crew","adult","male",0
"1642","crew","adult","male",0
"1643","crew","adult","male",0
"1644","crew","adult","male",0
"1645","crew","adult","male",0
"1646","crew","adult","male",0
"1647","crew","adult","male",0
"1648","crew","adult","male",0
"1649","crew","adult","male",0
"1650","crew","adult","male",0
"1651","crew","adult","male",0
"1652","crew","adult","male",0
"1653","crew","adult","male",0
"1654","crew","adult","male",0
"1655","crew","adult","male",0
"1656","crew","adult","male",0
"1657","crew","adult","male",0
"1658","crew","adult","male",0
"1659","crew","adult","male",0
"1660","crew","adult","male",0
"1661","crew","adult","male",0
"1662","crew","adult","male",0
"1663","crew","adult","male",0
"1664","crew","adult","male",0
"1665","crew","adult","male",0
"1666","crew","adult","male",0
"1667","crew","adult","male",0
"1668","crew","adult","male",0
"1669","crew","adult","male",0
"1670","crew","adult","male",0
"1671","crew","adult","male",0
"1672","crew","adult","male",0
"1673","crew","adult","male",0
"1674","crew","adult","male",0
"1675","crew","adult","male",0
"1676","crew","adult","male",0
"1677","crew","adult","male",0
"1678","crew","adult","male",0
"1679","crew","adult","male",0
"1680","crew","adult","male",0
"1681","crew","adult","male",0
"1682","crew","adult","male",0
"1683","crew","adult","male",0
"1684","crew","adult","male",0
"1685","crew","adult","male",0
"1686","crew","adult","male",0
"1687","crew","adult","male",0
"1688","crew","adult","male",0
"1689","crew","adult","male",0
"1690","crew","adult","male",0
"1691","crew","adult","male",0
"1692","crew","adult","male",0
"1693","crew","adult","male",0
"1694","crew","adult","male",0
"1695","crew","adult","male",0
"1696","crew","adult","male",0
"1697","crew","adult","male",0
"1698","crew","adult","male",0
"1699","crew","adult","male",0
"1700","crew","adult","male",0
"1701","crew","adult","male",0
"1702","crew","adult","male",0
"1703","crew","adult","male",0
"1704","crew","adult","male",0
"1705","crew","adult","male",0
"1706","crew","adult","male",0
"1707","crew","adult","male",0
"1708","crew","adult","male",0
"1709","crew","adult","male",0
"1710","crew","adult","male",0
"1711","crew","adult","male",0
"1712","crew","adult","male",0
"1713","crew","adult","male",0
"1714","crew","adult","male",0
"1715","crew","adult","male",0
"1716","crew","adult","male",0
"1717","crew","adult","male",0
"1718","crew","adult","male",0
"1719","crew","adult","male",0
"1720","crew","adult","male",0
"1721","crew","adult","male",0
"1722","crew","adult","male",0
"1723","crew","adult","male",0
"1724","crew","adult","male",0
"1725","crew","adult","male",0
"1726","crew","adult","male",0
"1727","crew","adult","male",0
"1728","crew","adult","male",0
"1729","crew","adult","male",0
"1730","crew","adult","male",0
"1731","crew","adult","male",0
"1732","crew","adult","male",0
"1733","crew","adult","male",0
"1734","crew","adult","male",0
"1735","crew","adult","male",0
"1736","crew","adult","male",0
"1737","crew","adult","male",0
"1738","crew","adult","male",0
"1739","crew","adult","male",0
"1740","crew","adult","male",0
"1741","crew","adult","male",0
"1742","crew","adult","male",0
"1743","crew","adult","male",0
"1744","crew","adult","male",0
"1745","crew","adult","male",0
"1746","crew","adult","male",0
"1747","crew","adult","male",0
"1748","crew","adult","male",0
"1749","crew","adult","male",0
"1750","crew","adult","male",0
"1751","crew","adult","male",0
"1752","crew","adult","male",0
"1753","crew","adult","male",0
"1754","crew","adult","male",0
"1755","crew","adult","male",0
"1756","crew","adult","male",0
"1757","crew","adult","male",0
"1758","crew","adult","male",0
"1759","crew","adult","male",0
"1760","crew","adult","male",0
"1761","crew","adult","male",0
"1762","crew","adult","male",0
"1763","crew","adult","male",0
"1764","crew","adult","male",0
"1765","crew","adult","male",0
"1766","crew","adult","male",0
"1767","crew","adult","male",0
"1768","crew","adult","male",0
"1769","crew","adult","male",0
"1770","crew","adult","male",0
"1771","crew","adult","male",0
"1772","crew","adult","male",0
"1773","crew","adult","male",0
"1774","crew","adult","male",0
"1775","crew","adult","male",0
"1776","crew","adult","male",0
"1777","crew","adult","male",0
"1778","crew","adult","male",0
"1779","crew","adult","male",0
"1780","crew","adult","male",0
"1781","crew","adult","male",0
"1782","crew","adult","male",0
"1783","crew","adult","male",0
"1784","crew","adult","male",0
"1785","crew","adult","male",0
"1786","crew","adult","male",0
"1787","crew","adult","male",0
"1788","crew","adult","male",0
"1789","crew","adult","male",0
"1790","crew","adult","male",0
"1791","crew","adult","male",0
"1792","crew","adult","male",0
"1793","crew","adult","male",0
"1794","crew","adult","male",0
"1795","crew","adult","male",0
"1796","crew","adult","male",0
"1797","crew","adult","male",0
"1798","crew","adult","male",0
"1799","crew","adult","male",0
"1800","crew","adult","male",0
"1801","crew","adult","male",0
"1802","crew","adult","male",0
"1803","crew","adult","male",0
"1804","crew","adult","male",0
"1805","crew","adult","male",0
"1806","crew","adult","male",0
"1807","crew","adult","male",0
"1808","crew","adult","male",0
"1809","crew","adult","male",0
"1810","crew","adult","male",0
"1811","crew","adult","male",0
"1812","crew","adult","male",0
"1813","crew","adult","male",0
"1814","crew","adult","male",0
"1815","crew","adult","male",0
"1816","crew","adult","male",0
"1817","crew","adult","male",0
"1818","crew","adult","male",0
"1819","crew","adult","male",0
"1820","crew","adult","male",0
"1821","crew","adult","male",0
"1822","crew","adult","male",0
"1823","crew","adult","male",0
"1824","crew","adult","male",0
"1825","crew","adult","male",0
"1826","crew","adult","male",0
"1827","crew","adult","male",0
"1828","crew","adult","male",0
"1829","crew","adult","male",0
"1830","crew","adult","male",0
"1831","crew","adult","male",0
"1832","crew","adult","male",0
"1833","crew","adult","male",0
"1834","crew","adult","male",0
"1835","crew","adult","male",0
"1836","crew","adult","male",0
"1837","crew","adult","male",0
"1838","crew","adult","male",0
"1839","crew","adult","male",0
"1840","crew","adult","male",0
"1841","crew","adult","male",0
"1842","crew","adult","male",0
"1843","crew","adult","male",0
"1844","crew","adult","male",0
"1845","crew","adult","male",0
"1846","crew","adult","male",0
"1847","crew","adult","male",0
"1848","crew","adult","male",0
"1849","crew","adult","male",0
"1850","crew","adult","male",0
"1851","crew","adult","male",0
"1852","crew","adult","male",0
"1853","crew","adult","male",0
"1854","crew","adult","male",0
"1855","crew","adult","male",0
"1856","crew","adult","male",0
"1857","crew","adult","male",0
"1858","crew","adult","male",0
"1859","crew","adult","male",0
"1860","crew","adult","male",0
"1861","crew","adult","male",0
"1862","crew","adult","male",0
"1863","crew","adult","male",0
"1864","crew","adult","male",0
"1865","crew","adult","male",0
"1866","crew","adult","male",0
"1867","crew","adult","male",0
"1868","crew","adult","male",0
"1869","crew","adult","male",0
"1870","crew","adult","male",0
"1871","crew","adult","male",0
"1872","crew","adult","male",0
"1873","crew","adult","male",0
"1874","crew","adult","male",0
"1875","crew","adult","male",0
"1876","crew","adult","male",0
"1877","crew","adult","male",0
"1878","crew","adult","male",0
"1879","crew","adult","male",0
"1880","crew","adult","male",0
"1881","crew","adult","male",0
"1882","crew","adult","male",0
"1883","crew","adult","male",0
"1884","crew","adult","male",0
"1885","crew","adult","male",0
"1886","crew","adult","male",0
"1887","crew","adult","male",0
"1888","crew","adult","male",0
"1889","crew","adult","male",0
"1890","crew","adult","male",0
"1891","crew","adult","male",0
"1892","crew","adult","male",0
"1893","crew","adult","male",0
"1894","crew","adult","male",0
"1895","crew","adult","male",0
"1896","crew","adult","male",0
"1897","crew","adult","male",0
"1898","crew","adult","male",0
"1899","crew","adult","male",0
"1900","crew","adult","male",0
"1901","crew","adult","male",0
"1902","crew","adult","male",0
"1903","crew","adult","male",0
"1904","crew","adult","male",0
"1905","crew","adult","male",0
"1906","crew","adult","male",0
"1907","crew","adult","male",0
"1908","crew","adult","male",0
"1909","crew","adult","male",0
"1910","crew","adult","male",0
"1911","crew","adult","male",0
"1912","crew","adult","male",0
"1913","crew","adult","male",0
"1914","crew","adult","male",0
"1915","crew","adult","male",0
"1916","crew","adult","male",0
"1917","crew","adult","male",0
"1918","crew","adult","male",0
"1919","crew","adult","male",0
"1920","crew","adult","male",0
"1921","crew","adult","male",0
"1922","crew","adult","male",0
"1923","crew","adult","male",0
"1924","crew","adult","male",0
"1925","crew","adult","male",0
"1926","crew","adult","male",0
"1927","crew","adult","male",0
"1928","crew","adult","male",0
"1929","crew","adult","male",0
"1930","crew","adult","male",0
"1931","crew","adult","male",0
"1932","crew","adult","male",0
"1933","crew","adult","male",0
"1934","crew","adult","male",0
"1935","crew","adult","male",0
"1936","crew","adult","male",0
"1937","crew","adult","male",0
"1938","crew","adult","male",0
"1939","crew","adult","male",0
"1940","crew","adult","male",0
"1941","crew","adult","male",0
"1942","crew","adult","male",0
"1943","crew","adult","male",0
"1944","crew","adult","male",0
"1945","crew","adult","male",0
"1946","crew","adult","male",0
"1947","crew","adult","male",0
"1948","crew","adult","male",0
"1949","crew","adult","male",0
"1950","crew","adult","male",0
"1951","crew","adult","male",0
"1952","crew","adult","male",0
"1953","crew","adult","male",0
"1954","crew","adult","male",0
"1955","crew","adult","male",0
"1956","crew","adult","male",0
"1957","crew","adult","male",0
"1958","crew","adult","male",0
"1959","crew","adult","male",0
"1960","crew","adult","male",0
"1961","crew","adult","male",0
"1962","crew","adult","male",0
"1963","crew","adult","male",0
"1964","crew","adult","male",0
"1965","crew","adult","male",0
"1966","crew","adult","male",0
"1967","crew","adult","male",0
"1968","crew","adult","male",0
"1969","crew","adult","male",0
"1970","crew","adult","male",0
"1971","crew","adult","male",0
"1972","crew","adult","male",0
"1973","crew","adult","male",0
"1974","crew","adult","male",0
"1975","crew","adult","male",0
"1976","crew","adult","male",0
"1977","crew","adult","male",0
"1978","crew","adult","male",0
"1979","crew","adult","male",0
"1980","crew","adult","male",0
"1981","crew","adult","male",0
"1982","crew","adult","male",0
"1983","crew","adult","male",0
"1984","crew","adult","male",0
"1985","crew","adult","male",0
"1986","crew","adult","male",0
"1987","crew","adult","male",0
"1988","crew","adult","male",0
"1989","crew","adult","male",0
"1990","crew","adult","male",0
"1991","crew","adult","male",0
"1992","crew","adult","male",0
"1993","crew","adult","male",0
"1994","crew","adult","male",0
"1995","crew","adult","male",0
"1996","crew","adult","male",0
"1997","crew","adult","male",0
"1998","crew","adult","male",0
"1999","crew","adult","male",0
"2000","crew","adult","male",0
"2001","crew","adult","male",0
"2002","crew","adult","male",0
"2003","crew","adult","male",0
"2004","crew","adult","male",0
"2005","crew","adult","male",0
"2006","crew","adult","male",0
"2007","crew","adult","male",0
"2008","crew","adult","male",0
"2009","crew","adult","male",0
"2010","crew","adult","male",0
"2011","crew","adult","male",0
"2012","crew","adult","male",0
"2013","crew","adult","male",0
"2014","crew","adult","male",0
"2015","crew","adult","male",0
"2016","crew","adult","male",0
"2017","crew","adult","male",0
"2018","crew","adult","male",0
"2019","crew","adult","male",0
"2020","crew","adult","male",0
"2021","crew","adult","male",0
"2022","crew","adult","male",0
"2023","crew","adult","male",0
"2024","crew","adult","male",0
"2025","crew","adult","male",0
"2026","crew","adult","male",0
"2027","crew","adult","male",0
"2028","crew","adult","male",0
"2029","crew","adult","male",0
"2030","crew","adult","male",0
"2031","crew","adult","male",0
"2032","crew","adult","male",0
"2033","crew","adult","male",0
"2034","crew","adult","male",0
"2035","crew","adult","male",0
"2036","crew","adult","male",0
"2037","crew","adult","male",0
"2038","crew","adult","male",0
"2039","crew","adult","male",0
"2040","crew","adult","male",0
"2041","crew","adult","male",0
"2042","crew","adult","male",0
"2043","crew","adult","male",0
"2044","crew","adult","male",0
"2045","crew","adult","male",0
"2046","crew","adult","male",0
"2047","crew","adult","male",0
"2048","crew","adult","male",0
"2049","crew","adult","male",0
"2050","crew","adult","male",0
"2051","crew","adult","male",0
"2052","crew","adult","male",0
"2053","crew","adult","male",0
"2054","crew","adult","male",0
"2055","crew","adult","male",0
"2056","crew","adult","male",0
"2057","crew","adult","male",0
"2058","crew","adult","male",0
"2059","crew","adult","male",0
"2060","crew","adult","male",0
"2061","crew","adult","male",0
"2062","crew","adult","male",0
"2063","crew","adult","male",0
"2064","crew","adult","male",0
"2065","crew","adult","male",0
"2066","crew","adult","male",0
"2067","crew","adult","male",0
"2068","crew","adult","male",0
"2069","crew","adult","male",0
"2070","crew","adult","male",0
"2071","crew","adult","male",0
"2072","crew","adult","male",0
"2073","crew","adult","male",0
"2074","crew","adult","male",0
"2075","crew","adult","male",0
"2076","crew","adult","male",0
"2077","crew","adult","male",0
"2078","crew","adult","male",0
"2079","crew","adult","male",0
"2080","crew","adult","male",0
"2081","crew","adult","male",0
"2082","crew","adult","male",0
"2083","crew","adult","male",0
"2084","crew","adult","male",0
"2085","crew","adult","male",0
"2086","crew","adult","male",0
"2087","crew","adult","male",0
"2088","crew","adult","male",0
"2089","crew","adult","male",0
"2090","crew","adult","male",0
"2091","crew","adult","male",0
"2092","crew","adult","male",0
"2093","crew","adult","male",0
"2094","crew","adult","male",0
"2095","crew","adult","male",0
"2096","crew","adult","male",0
"2097","crew","adult","male",0
"2098","crew","adult","male",0
"2099","crew","adult","male",0
"2100","crew","adult","male",0
"2101","crew","adult","male",0
"2102","crew","adult","male",0
"2103","crew","adult","male",0
"2104","crew","adult","male",0
"2105","crew","adult","male",0
"2106","crew","adult","male",0
"2107","crew","adult","male",0
"2108","crew","adult","male",0
"2109","crew","adult","male",0
"2110","crew","adult","male",0
"2111","crew","adult","male",0
"2112","crew","adult","male",0
"2113","crew","adult","male",0
"2114","crew","adult","male",0
"2115","crew","adult","male",0
"2116","crew","adult","male",0
"2117","crew","adult","male",0
"2118","crew","adult","male",0
"2119","crew","adult","male",0
"2120","crew","adult","male",0
"2121","crew","adult","male",0
"2122","crew","adult","male",0
"2123","crew","adult","male",0
"2124","crew","adult","male",0
"2125","crew","adult","male",0
"2126","crew","adult","male",0
"2127","crew","adult","male",0
"2128","crew","adult","male",0
"2129","crew","adult","male",0
"2130","crew","adult","male",0
"2131","crew","adult","male",0
"2132","crew","adult","male",0
"2133","crew","adult","male",0
"2134","crew","adult","male",0
"2135","crew","adult","male",0
"2136","crew","adult","male",0
"2137","crew","adult","male",0
"2138","crew","adult","male",0
"2139","crew","adult","male",0
"2140","crew","adult","male",0
"2141","crew","adult","male",0
"2142","crew","adult","male",0
"2143","crew","adult","male",0
"2144","crew","adult","male",0
"2145","crew","adult","male",0
"2146","crew","adult","male",0
"2147","crew","adult","male",0
"2148","crew","adult","male",0
"2149","crew","adult","male",0
"2150","crew","adult","male",0
"2151","crew","adult","male",0
"2152","crew","adult","male",0
"2153","crew","adult","male",0
"2154","crew","adult","male",0
"2155","crew","adult","male",0
"2156","crew","adult","male",0
"2157","crew","adult","male",0
"2158","crew","adult","male",0
"2159","crew","adult","male",0
"2160","crew","adult","male",0
"2161","crew","adult","male",0
"2162","crew","adult","male",0
"2163","crew","adult","male",0
"2164","crew","adult","male",0
"2165","crew","adult","male",0
"2166","crew","adult","male",0
"2167","crew","adult","male",0
"2168","crew","adult","male",0
"2169","crew","adult","male",0
"2170","crew","adult","male",0
"2171","crew","adult","male",0
"2172","crew","adult","male",0
"2173","crew","adult","male",0
"2174","crew","adult","male",0
"2175","crew","adult","male",0
"2176","crew","adult","male",0
"2177","crew","adult","male",0
"2178","crew","adult","male",0
"2179","crew","adult","female",1
"2180","crew","adult","female",1
"2181","crew","adult","female",1
"2182","crew","adult","female",1
"2183","crew","adult","female",1
"2184","crew","adult","female",1
"2185","crew","adult","female",1
"2186","crew","adult","female",1
"2187","crew","adult","female",1
"2188","crew","adult","female",1
"2189","crew","adult","female",1
"2190","crew","adult","female",1
"2191","crew","adult","female",1
"2192","crew","adult","female",1
"2193","crew","adult","female",1
"2194","crew","adult","female",1
"2195","crew","adult","female",1
"2196","crew","adult","female",1
"2197","crew","adult","female",1
"2198","crew","adult","female",1
"2199","crew","adult","female",0
"2200","crew","adult","female",0
"2201","crew","adult","female",0
